run,performance_comparison_usable,body_size,connection,concurrency,engine,rep,requests,seconds,rps,p50_us,p99_us,server_cpu_pct,server_rss_bytes,valid,errors,warmup_errors
parser-base-r1-1m,False,1048576,close,32,nginx,1,11778,5.002958,2354.207250990314,13531.0,14070.0,67.75991323532999,16683008,True,"{""connect"": 0, ""read"": 0, ""write"": 0, ""status"": 0, ""timeout"": 0}","{""connect"": 0, ""read"": 0, ""write"": 0, ""status"": 0, ""timeout"": 0}"
parser-base-r1-1m,False,1048576,close,128,nginx,1,11693,5.027313,2325.894568331035,54344.0,55763.0,67.43164788028913,16818176,True,"{""connect"": 0, ""read"": 0, ""write"": 0, ""status"": 0, ""timeout"": 0}","{""connect"": 0, ""read"": 0, ""write"": 0, ""status"": 0, ""timeout"": 0}"
parser-base-r1-1m,False,1048576,close,32,rut,1,10747,5.099685,2107.385063979442,15056.0,16370.0,71.5730481392478,176218112,True,"{""connect"": 0, ""read"": 0, ""write"": 0, ""status"": 0, ""timeout"": 0}","{""connect"": 0, ""read"": 0, ""write"": 0, ""status"": 0, ""timeout"": 0}"
parser-base-r1-1m,False,1048576,close,128,rut,1,10255,5.022092,2041.9777256171333,62170.0,65404.0,70.4885533757645,232710144,True,"{""connect"": 0, ""read"": 0, ""write"": 0, ""status"": 0, ""timeout"": 0}","{""connect"": 0, ""read"": 0, ""write"": 0, ""status"": 0, ""timeout"": 0}"
parser-base-r1-1m,False,1048576,close,32,rut,2,10649,5.099838,2088.105543744723,15109.0,17622.0,71.37481621965247,176775168,True,"{""connect"": 0, ""read"": 0, ""write"": 0, ""status"": 0, ""timeout"": 0}","{""connect"": 0, ""read"": 0, ""write"": 0, ""status"": 0, ""timeout"": 0}"
parser-base-r1-1m,False,1048576,close,128,rut,2,10131,5.017426,2019.1628137614784,62840.0,65833.0,70.9527155956062,233660416,True,"{""connect"": 0, ""read"": 0, ""write"": 0, ""status"": 0, ""timeout"": 0}","{""connect"": 0, ""read"": 0, ""write"": 0, ""status"": 0, ""timeout"": 0}"
parser-base-r1-1m,False,1048576,close,32,nginx,2,11488,5.002662,2296.3774086676253,13834.0,15669.0,67.36413533434799,16617472,True,"{""connect"": 0, ""read"": 0, ""write"": 0, ""status"": 0, ""timeout"": 0}","{""connect"": 0, ""read"": 0, ""write"": 0, ""status"": 0, ""timeout"": 0}"
parser-base-r1-1m,False,1048576,close,128,nginx,2,11537,5.02811,2294.5003192054273,55271.0,56529.0,67.22207748040516,17707008,True,"{""connect"": 0, ""read"": 0, ""write"": 0, ""status"": 0, ""timeout"": 0}","{""connect"": 0, ""read"": 0, ""write"": 0, ""status"": 0, ""timeout"": 0}"
parser-base-r1-1m,False,1048576,close,32,nginx,3,11409,5.001285,2281.2137280718853,13960.0,15122.0,67.58263126376522,16527360,True,"{""connect"": 0, ""read"": 0, ""write"": 0, ""status"": 0, ""timeout"": 0}","{""connect"": 0, ""read"": 0, ""write"": 0, ""status"": 0, ""timeout"": 0}"
parser-base-r1-1m,False,1048576,close,128,nginx,3,11427,5.02211,2275.3384533592457,55851.0,58376.0,67.30238883656473,24514560,True,"{""connect"": 0, ""read"": 0, ""write"": 0, ""status"": 0, ""timeout"": 0}","{""connect"": 0, ""read"": 0, ""write"": 0, ""status"": 0, ""timeout"": 0}"
parser-base-r1-1m,False,1048576,close,32,rut,3,10706,5.099511,2099.416983314675,15135.0,16233.0,71.57549027740113,176836608,True,"{""connect"": 0, ""read"": 0, ""write"": 0, ""status"": 0, ""timeout"": 0}","{""connect"": 0, ""read"": 0, ""write"": 0, ""status"": 0, ""timeout"": 0}"
parser-base-r1-1m,False,1048576,close,128,rut,3,10131,5.028479,2014.7245320105742,62814.0,66110.0,70.59788854641732,235491328,True,"{""connect"": 0, ""read"": 0, ""write"": 0, ""status"": 0, ""timeout"": 0}","{""connect"": 0, ""read"": 0, ""write"": 0, ""status"": 0, ""timeout"": 0}"
parser-base-r1-64k,True,65536,close,1,nginx,1,31340,5.1001,6144.977549459814,126.0,175.0,51.959765494794226,16482304,True,"{""connect"": 0, ""read"": 0, ""write"": 0, ""status"": 0, ""timeout"": 0}","{""connect"": 0, ""read"": 0, ""write"": 0, ""status"": 0, ""timeout"": 0}"
parser-base-r1-64k,True,65536,close,1,rut,1,29779,5.100047,5838.965797766177,128.0,178.0,51.56815221506782,158322688,True,"{""connect"": 0, ""read"": 0, ""write"": 0, ""status"": 0, ""timeout"": 0}","{""connect"": 0, ""read"": 0, ""write"": 0, ""status"": 0, ""timeout"": 0}"
parser-base-r1-64k,True,65536,close,1,rut,2,29645,5.100047,5812.691530097663,128.0,182.0,51.56815221506782,158552064,True,"{""connect"": 0, ""read"": 0, ""write"": 0, ""status"": 0, ""timeout"": 0}","{""connect"": 0, ""read"": 0, ""write"": 0, ""status"": 0, ""timeout"": 0}"
parser-base-r1-64k,True,65536,close,1,nginx,2,31006,5.100063,6079.532743026901,128.0,174.0,52.35229447165653,16539648,True,"{""connect"": 0, ""read"": 0, ""write"": 0, ""status"": 0, ""timeout"": 0}","{""connect"": 0, ""read"": 0, ""write"": 0, ""status"": 0, ""timeout"": 0}"
parser-base-r1-64k,True,65536,close,1,nginx,3,31333,5.099964,6143.768857976253,126.0,172.0,51.96115109832148,16527360,True,"{""connect"": 0, ""read"": 0, ""write"": 0, ""status"": 0, ""timeout"": 0}","{""connect"": 0, ""read"": 0, ""write"": 0, ""status"": 0, ""timeout"": 0}"
parser-base-r1-64k,True,65536,close,1,rut,3,29716,5.099174,5827.610511035709,128.0,180.0,51.18476051219276,158355456,True,"{""connect"": 0, ""read"": 0, ""write"": 0, ""status"": 0, ""timeout"": 0}","{""connect"": 0, ""read"": 0, ""write"": 0, ""status"": 0, ""timeout"": 0}"
parser-base-r1-64k,True,65536,keepalive,1,nginx,1,40893,5.099264,8019.392602540289,122.0,168.0,58.439806215171444,16310272,True,"{""connect"": 0, ""read"": 0, ""write"": 0, ""status"": 0, ""timeout"": 0}","{""connect"": 0, ""read"": 0, ""write"": 0, ""status"": 0, ""timeout"": 0}"
parser-base-r1-64k,True,65536,keepalive,1,rut,1,39317,5.100126,7709.0252280041705,125.0,178.0,57.6456346372619,158445568,True,"{""connect"": 0, ""read"": 0, ""write"": 0, ""status"": 0, ""timeout"": 0}","{""connect"": 0, ""read"": 0, ""write"": 0, ""status"": 0, ""timeout"": 0}"
parser-base-r1-64k,True,65536,keepalive,1,rut,2,39281,5.099166,7703.416597929936,125.0,177.0,57.460376853783536,158404608,True,"{""connect"": 0, ""read"": 0, ""write"": 0, ""status"": 0, ""timeout"": 0}","{""connect"": 0, ""read"": 0, ""write"": 0, ""status"": 0, ""timeout"": 0}"
parser-base-r1-64k,True,65536,keepalive,1,nginx,2,41244,5.099728,8087.49015633775,121.0,166.0,58.434489055102546,16429056,True,"{""connect"": 0, ""read"": 0, ""write"": 0, ""status"": 0, ""timeout"": 0}","{""connect"": 0, ""read"": 0, ""write"": 0, ""status"": 0, ""timeout"": 0}"
parser-base-r1-64k,True,65536,keepalive,1,nginx,3,41053,5.099677,8050.117683923903,122.0,165.0,58.43507343700395,16637952,True,"{""connect"": 0, ""read"": 0, ""write"": 0, ""status"": 0, ""timeout"": 0}","{""connect"": 0, ""read"": 0, ""write"": 0, ""status"": 0, ""timeout"": 0}"
parser-base-r1-64k,True,65536,keepalive,1,rut,3,38648,5.000161,7729.3511148941,125.0,176.0,57.398151779512695,158306304,True,"{""connect"": 0, ""read"": 0, ""write"": 0, ""status"": 0, ""timeout"": 0}","{""connect"": 0, ""read"": 0, ""write"": 0, ""status"": 0, ""timeout"": 0}"
parser-base-r2-1m,False,1048576,close,32,nginx,1,11563,5.100038,2267.2380088148366,13927.0,15528.0,67.84263176078298,17002496,True,"{""connect"": 0, ""read"": 0, ""write"": 0, ""status"": 0, ""timeout"": 0}","{""connect"": 0, ""read"": 0, ""write"": 0, ""status"": 0, ""timeout"": 0}"
parser-base-r2-1m,False,1048576,close,128,nginx,1,11576,5.032417,2300.2863236492526,54886.0,60681.0,67.36325705918252,17371136,True,"{""connect"": 0, ""read"": 0, ""write"": 0, ""status"": 0, ""timeout"": 0}","{""connect"": 0, ""read"": 0, ""write"": 0, ""status"": 0, ""timeout"": 0}"
parser-base-r2-1m,False,1048576,close,32,rut,1,10678,5.099573,2093.900803067237,15133.0,16793.0,71.18243037211154,177152000,True,"{""connect"": 0, ""read"": 0, ""write"": 0, ""status"": 0, ""timeout"": 0}","{""connect"": 0, ""read"": 0, ""write"": 0, ""status"": 0, ""timeout"": 0}"
parser-base-r2-1m,False,1048576,close,128,rut,1,10217,5.027738,2032.1265746146676,62139.0,67832.0,71.20498323500549,233381888,True,"{""connect"": 0, ""read"": 0, ""write"": 0, ""status"": 0, ""timeout"": 0}","{""connect"": 0, ""read"": 0, ""write"": 0, ""status"": 0, ""timeout"": 0}"
parser-base-r2-1m,False,1048576,close,32,rut,2,10736,5.099586,2105.268937517673,15074.0,16389.0,71.37834326159025,177061888,True,"{""connect"": 0, ""read"": 0, ""write"": 0, ""status"": 0, ""timeout"": 0}","{""connect"": 0, ""read"": 0, ""write"": 0, ""status"": 0, ""timeout"": 0}"
parser-base-r2-1m,False,1048576,close,128,rut,2,10137,5.020331,2019.1895713649162,62763.0,65800.0,70.71246895872007,234864640,True,"{""connect"": 0, ""read"": 0, ""write"": 0, ""status"": 0, ""timeout"": 0}","{""connect"": 0, ""read"": 0, ""write"": 0, ""status"": 0, ""timeout"": 0}"
parser-base-r2-1m,False,1048576,close,32,nginx,2,11625,5.000711,2324.6694320067686,13707.0,14329.0,67.79036021077802,16875520,True,"{""connect"": 0, ""read"": 0, ""write"": 0, ""status"": 0, ""timeout"": 0}","{""connect"": 0, ""read"": 0, ""write"": 0, ""status"": 0, ""timeout"": 0}"
parser-base-r2-1m,False,1048576,close,128,nginx,2,11544,5.016753,2301.0899679533754,55110.0,59618.0,67.77292005406686,17485824,True,"{""connect"": 0, ""read"": 0, ""write"": 0, ""status"": 0, ""timeout"": 0}","{""connect"": 0, ""read"": 0, ""write"": 0, ""status"": 0, ""timeout"": 0}"
parser-base-r2-1m,False,1048576,close,32,nginx,3,11720,5.001268,2343.405712311358,13581.0,14321.0,67.78281027931317,17207296,True,"{""connect"": 0, ""read"": 0, ""write"": 0, ""status"": 0, ""timeout"": 0}","{""connect"": 0, ""read"": 0, ""write"": 0, ""status"": 0, ""timeout"": 0}"
parser-base-r2-1m,False,1048576,close,128,nginx,3,11629,5.020803,2316.163370679949,54805.0,56739.0,67.51908011527242,17207296,True,"{""connect"": 0, ""read"": 0, ""write"": 0, ""status"": 0, ""timeout"": 0}","{""connect"": 0, ""read"": 0, ""write"": 0, ""status"": 0, ""timeout"": 0}"
parser-base-r2-1m,False,1048576,close,32,rut,3,10674,5.099859,2092.999041738213,15138.0,16566.0,71.37452231522478,176586752,True,"{""connect"": 0, ""read"": 0, ""write"": 0, ""status"": 0, ""timeout"": 0}","{""connect"": 0, ""read"": 0, ""write"": 0, ""status"": 0, ""timeout"": 0}"
parser-base-r2-1m,False,1048576,close,128,rut,3,9684,5.024717,1927.2727200357751,63783.0,83624.0,70.84976129003881,234782720,True,"{""connect"": 0, ""read"": 0, ""write"": 0, ""status"": 0, ""timeout"": 0}","{""connect"": 0, ""read"": 0, ""write"": 0, ""status"": 0, ""timeout"": 0}"
parser-count-r1-1m,False,1048576,close,32,nginx,1,11875,5.100391,2328.2528731620773,13664.0,15184.0,67.83793634644874,16846848,True,"{""connect"": 0, ""read"": 0, ""write"": 0, ""status"": 0, ""timeout"": 0}","{""connect"": 0, ""read"": 0, ""write"": 0, ""status"": 0, ""timeout"": 0}"
parser-count-r1-1m,False,1048576,close,128,nginx,1,11598,5.023351,2308.817361159911,54886.0,59316.0,67.28576203414814,17801216,True,"{""connect"": 0, ""read"": 0, ""write"": 0, ""status"": 0, ""timeout"": 0}","{""connect"": 0, ""read"": 0, ""write"": 0, ""status"": 0, ""timeout"": 0}"
parser-count-r1-1m,False,1048576,close,32,rut,1,10464,5.000467,2092.6045507349613,15139.0,16984.0,71.59331318454856,176562176,True,"{""connect"": 0, ""read"": 0, ""write"": 0, ""status"": 0, ""timeout"": 0}","{""connect"": 0, ""read"": 0, ""write"": 0, ""status"": 0, ""timeout"": 0}"
parser-count-r1-1m,False,1048576,close,128,rut,1,10102,5.025292,2010.2314452573103,63039.0,66163.0,70.64266116277419,235020288,True,"{""connect"": 0, ""read"": 0, ""write"": 0, ""status"": 0, ""timeout"": 0}","{""connect"": 0, ""read"": 0, ""write"": 0, ""status"": 0, ""timeout"": 0}"
parser-count-r1-1m,False,1048576,close,32,rut,2,10731,5.100266,2104.0079086071196,15080.0,16242.0,71.36882664551221,176443392,True,"{""connect"": 0, ""read"": 0, ""write"": 0, ""status"": 0, ""timeout"": 0}","{""connect"": 0, ""read"": 0, ""write"": 0, ""status"": 0, ""timeout"": 0}"
parser-count-r1-1m,False,1048576,close,128,rut,2,10169,5.031147,2021.2090801560757,62506.0,65968.0,70.56045072823355,237129728,True,"{""connect"": 0, ""read"": 0, ""write"": 0, ""status"": 0, ""timeout"": 0}","{""connect"": 0, ""read"": 0, ""write"": 0, ""status"": 0, ""timeout"": 0}"
parser-count-r1-1m,False,1048576,close,32,nginx,2,11728,5.000287,2345.4653702877454,13578.0,14116.0,67.59611998271299,16814080,True,"{""connect"": 0, ""read"": 0, ""write"": 0, ""status"": 0, ""timeout"": 0}","{""connect"": 0, ""read"": 0, ""write"": 0, ""status"": 0, ""timeout"": 0}"
parser-count-r1-1m,False,1048576,close,128,nginx,2,11659,5.027734,2318.937318481845,54717.0,56663.0,67.82379497403801,19386368,True,"{""connect"": 0, ""read"": 0, ""write"": 0, ""status"": 0, ""timeout"": 0}","{""connect"": 0, ""read"": 0, ""write"": 0, ""status"": 0, ""timeout"": 0}"
parser-count-r1-1m,False,1048576,close,32,nginx,3,11051,5.002291,2209.187750172871,13853.0,18021.0,67.96885666987386,16822272,True,"{""connect"": 0, ""read"": 0, ""write"": 0, ""status"": 0, ""timeout"": 0}","{""connect"": 0, ""read"": 0, ""write"": 0, ""status"": 0, ""timeout"": 0}"
parser-count-r1-1m,False,1048576,close,128,nginx,3,10518,5.027535,2092.0789213799603,60639.0,63107.0,68.02538420916017,19820544,True,"{""connect"": 0, ""read"": 0, ""write"": 0, ""status"": 0, ""timeout"": 0}","{""connect"": 0, ""read"": 0, ""write"": 0, ""status"": 0, ""timeout"": 0}"
parser-count-r1-1m,False,1048576,close,32,rut,3,9377,5.000471,1875.223353960057,16889.0,18382.0,72.19319940061646,176287744,True,"{""connect"": 0, ""read"": 0, ""write"": 0, ""status"": 0, ""timeout"": 0}","{""connect"": 0, ""read"": 0, ""write"": 0, ""status"": 0, ""timeout"": 0}"
parser-count-r1-1m,False,1048576,close,128,rut,3,9633,5.019506,1919.113155756762,65947.0,71328.0,71.52098234368084,228847616,True,"{""connect"": 0, ""read"": 0, ""write"": 0, ""status"": 0, ""timeout"": 0}","{""connect"": 0, ""read"": 0, ""write"": 0, ""status"": 0, ""timeout"": 0}"
parser-count-r1-64k,True,65536,close,1,nginx,1,31207,5.099708,6119.369971770933,127.0,168.0,51.96375949368082,16244736,True,"{""connect"": 0, ""read"": 0, ""write"": 0, ""status"": 0, ""timeout"": 0}","{""connect"": 0, ""read"": 0, ""write"": 0, ""status"": 0, ""timeout"": 0}"
parser-count-r1-64k,True,65536,close,1,rut,1,29876,5.099384,5858.7468604051,128.0,169.0,50.98655053237802,158277632,True,"{""connect"": 0, ""read"": 0, ""write"": 0, ""status"": 0, ""timeout"": 0}","{""connect"": 0, ""read"": 0, ""write"": 0, ""status"": 0, ""timeout"": 0}"
parser-count-r1-64k,True,65536,close,1,rut,2,29753,5.099313,5834.707538054636,129.0,160.0,50.98726044076918,158408704,True,"{""connect"": 0, ""read"": 0, ""write"": 0, ""status"": 0, ""timeout"": 0}","{""connect"": 0, ""read"": 0, ""write"": 0, ""status"": 0, ""timeout"": 0}"
parser-count-r1-64k,True,65536,close,1,nginx,2,30781,5.099266,6036.358958328512,128.0,178.0,52.55658363380142,16306176,True,"{""connect"": 0, ""read"": 0, ""write"": 0, ""status"": 0, ""timeout"": 0}","{""connect"": 0, ""read"": 0, ""write"": 0, ""status"": 0, ""timeout"": 0}"
parser-count-r1-64k,True,65536,close,1,nginx,3,30657,5.000135,6131.234456669669,127.0,165.0,52.198590638052785,16343040,True,"{""connect"": 0, ""read"": 0, ""write"": 0, ""status"": 0, ""timeout"": 0}","{""connect"": 0, ""read"": 0, ""write"": 0, ""status"": 0, ""timeout"": 0}"
parser-count-r1-64k,True,65536,close,1,rut,3,27551,5.099607,5402.573178678279,137.0,220.0,50.003853238102465,158498816,True,"{""connect"": 0, ""read"": 0, ""write"": 0, ""status"": 0, ""timeout"": 0}","{""connect"": 0, ""read"": 0, ""write"": 0, ""status"": 0, ""timeout"": 0}"
parser-count-r1-64k,True,65536,keepalive,1,nginx,1,41099,5.100094,8058.478922153199,122.0,160.0,58.62637041591782,16568320,True,"{""connect"": 0, ""read"": 0, ""write"": 0, ""status"": 0, ""timeout"": 0}","{""connect"": 0, ""read"": 0, ""write"": 0, ""status"": 0, ""timeout"": 0}"
parser-count-r1-64k,True,65536,keepalive,1,rut,1,39098,5.099226,7667.438156300584,129.0,176.0,57.2635925530659,158453760,True,"{""connect"": 0, ""read"": 0, ""write"": 0, ""status"": 0, ""timeout"": 0}","{""connect"": 0, ""read"": 0, ""write"": 0, ""status"": 0, ""timeout"": 0}"
parser-count-r1-64k,True,65536,keepalive,1,rut,2,39098,5.09932,7667.296816046061,129.0,177.0,57.06643238706338,158531584,True,"{""connect"": 0, ""read"": 0, ""write"": 0, ""status"": 0, ""timeout"": 0}","{""connect"": 0, ""read"": 0, ""write"": 0, ""status"": 0, ""timeout"": 0}"
parser-count-r1-64k,True,65536,keepalive,1,nginx,2,40789,5.100113,7997.665934068519,122.0,166.0,59.018300182760655,16613376,True,"{""connect"": 0, ""read"": 0, ""write"": 0, ""status"": 0, ""timeout"": 0}","{""connect"": 0, ""read"": 0, ""write"": 0, ""status"": 0, ""timeout"": 0}"
parser-count-r1-64k,True,65536,keepalive,1,nginx,3,40774,5.100096,7994.751471344854,123.0,166.0,58.43027268506319,16482304,True,"{""connect"": 0, ""read"": 0, ""write"": 0, ""status"": 0, ""timeout"": 0}","{""connect"": 0, ""read"": 0, ""write"": 0, ""status"": 0, ""timeout"": 0}"
parser-count-r1-64k,True,65536,keepalive,1,rut,3,39134,5.099242,7674.4739708372335,130.0,155.0,57.26341287587449,158396416,True,"{""connect"": 0, ""read"": 0, ""write"": 0, ""status"": 0, ""timeout"": 0}","{""connect"": 0, ""read"": 0, ""write"": 0, ""status"": 0, ""timeout"": 0}"
parser-count-r2-1m,False,1048576,close,32,nginx,1,11802,5.100166,2314.0423272497405,13744.0,14511.0,67.64485704975094,17375232,True,"{""connect"": 0, ""read"": 0, ""write"": 0, ""status"": 0, ""timeout"": 0}","{""connect"": 0, ""read"": 0, ""write"": 0, ""status"": 0, ""timeout"": 0}"
parser-count-r2-1m,False,1048576,close,128,nginx,1,11633,5.017309,2318.57356204292,54806.0,57686.0,67.5660996761411,23920640,True,"{""connect"": 0, ""read"": 0, ""write"": 0, ""status"": 0, ""timeout"": 0}","{""connect"": 0, ""read"": 0, ""write"": 0, ""status"": 0, ""timeout"": 0}"
parser-count-r2-1m,False,1048576,close,32,rut,1,10505,5.000609,2100.7441293650436,15095.0,16340.0,71.59128018207383,176611328,True,"{""connect"": 0, ""read"": 0, ""write"": 0, ""status"": 0, ""timeout"": 0}","{""connect"": 0, ""read"": 0, ""write"": 0, ""status"": 0, ""timeout"": 0}"
parser-count-r2-1m,False,1048576,close,128,rut,1,10109,5.030257,2009.6388713340095,62883.0,67158.0,70.77173194133024,232579072,True,"{""connect"": 0, ""read"": 0, ""write"": 0, ""status"": 0, ""timeout"": 0}","{""connect"": 0, ""read"": 0, ""write"": 0, ""status"": 0, ""timeout"": 0}"
parser-count-r2-1m,False,1048576,close,32,rut,2,10677,5.099734,2093.6386093862934,15140.0,16869.0,71.57236044076024,177319936,True,"{""connect"": 0, ""read"": 0, ""write"": 0, ""status"": 0, ""timeout"": 0}","{""connect"": 0, ""read"": 0, ""write"": 0, ""status"": 0, ""timeout"": 0}"
parser-count-r2-1m,False,1048576,close,128,rut,2,10149,5.024043,2020.086213434081,62498.0,65910.0,70.66022325047776,232501248,True,"{""connect"": 0, ""read"": 0, ""write"": 0, ""status"": 0, ""timeout"": 0}","{""connect"": 0, ""read"": 0, ""write"": 0, ""status"": 0, ""timeout"": 0}"
parser-count-r2-1m,False,1048576,close,32,nginx,2,11706,5.099466,2295.53447360959,13852.0,14774.0,67.65414261022626,17072128,True,"{""connect"": 0, ""read"": 0, ""write"": 0, ""status"": 0, ""timeout"": 0}","{""connect"": 0, ""read"": 0, ""write"": 0, ""status"": 0, ""timeout"": 0}"
parser-count-r2-1m,False,1048576,close,128,nginx,2,11389,5.021452,2268.0690764344654,55981.0,57351.0,67.70949916478344,17256448,True,"{""connect"": 0, ""read"": 0, ""write"": 0, ""status"": 0, ""timeout"": 0}","{""connect"": 0, ""read"": 0, ""write"": 0, ""status"": 0, ""timeout"": 0}"
parser-count-r2-1m,False,1048576,close,32,nginx,3,10643,5.001457,2127.9799066552005,15001.0,15982.0,67.98019057246718,17018880,True,"{""connect"": 0, ""read"": 0, ""write"": 0, ""status"": 0, ""timeout"": 0}","{""connect"": 0, ""read"": 0, ""write"": 0, ""status"": 0, ""timeout"": 0}"
parser-count-r2-1m,False,1048576,close,128,nginx,3,10510,5.015928,2095.325132258677,60697.0,62409.0,67.98343197908743,17342464,True,"{""connect"": 0, ""read"": 0, ""write"": 0, ""status"": 0, ""timeout"": 0}","{""connect"": 0, ""read"": 0, ""write"": 0, ""status"": 0, ""timeout"": 0}"
parser-count-r2-1m,False,1048576,close,32,rut,3,9581,5.000472,1916.019127794336,16548.0,18087.0,71.39326047621104,176435200,True,"{""connect"": 0, ""read"": 0, ""write"": 0, ""status"": 0, ""timeout"": 0}","{""connect"": 0, ""read"": 0, ""write"": 0, ""status"": 0, ""timeout"": 0}"
parser-count-r2-1m,False,1048576,close,128,rut,3,9881,5.021704,1967.6587867385256,62872.0,72047.0,70.6931352385565,233189376,True,"{""connect"": 0, ""read"": 0, ""write"": 0, ""status"": 0, ""timeout"": 0}","{""connect"": 0, ""read"": 0, ""write"": 0, ""status"": 0, ""timeout"": 0}"
