transport,body_size,scenario,concurrency,workers,valid,rps_ratio,p99_ratio,cpu_per_request_ratio,rss_ratio
https,1048576,proxy-keepalive,1,1,True,1.0969478135980286,0.9547977795400476,0.9895330046086558,4.693643825157473
https,1048576,proxy-keepalive,32,1,True,1.0566017053602847,0.9485722245438083,1.0844678272173134,4.890451174289246
https,1048576,proxy-keepalive,128,1,True,0.8916398387661039,0.949321138977937,1.3048341557017538,5.32301505657907
https,1048576,proxy-close,1,1,True,1.1295217904002322,0.8813803019410497,0.898832461975242,4.685833968012186
https,1048576,proxy-close,32,1,True,1.0672130502965276,3.6618943508004795,0.9860958828284111,5.493107104984094
https,1048576,proxy-close,128,1,True,0.869551208806213,17.876469712754876,1.17933716367713,6.328145454545455
https,1048576,static-keepalive,1,1,True,1.472720341306414,0.7099792099792099,0.703449897484587,3.801796636085627
https,1048576,static-keepalive,32,1,True,1.6747207887244622,0.5995881949210707,0.6518654135775735,3.6607905982905984
https,1048576,static-keepalive,128,1,True,1.5387061704859333,0.6782572058787083,0.7137283516131466,3.4611013986013988
https,1048576,static-close,1,1,True,1.3151955438796534,0.6636197440585009,0.7584900619470969,3.7711687819662814
https,1048576,static-close,32,1,True,1.1899479258266388,12.36601974804222,0.8146715912707213,3.645594208016952
https,1048576,static-close,128,1,True,1.0963285176287416,29.11797644332883,0.8607397861168034,3.4996382578498046
https,65536,proxy-keepalive,1,1,True,0.9829818403006365,1.018018018018018,0.954423450608797,4.644669082586305
https,65536,proxy-keepalive,32,1,True,1.3879377866098512,0.7193997856377278,0.7331214619128014,4.572418695574907
https,65536,proxy-keepalive,128,1,True,1.2735706278178631,0.6685948953457564,0.831351115188798,4.284816600906035
https,65536,proxy-close,1,1,True,1.12163805669452,0.9054054054054054,0.843977998423227,4.674923195084485
https,65536,proxy-close,32,1,True,1.257651934686388,5.164590321034979,0.7949949076094865,4.5912017167381975
https,65536,proxy-close,128,1,True,1.2584712508551985,19.740170154058404,0.7970542327271435,4.3036133960047005
https,65536,static-keepalive,1,1,True,1.170513265348787,0.9032258064516129,0.6705327137213191,3.7131634412722745
https,65536,static-keepalive,32,1,True,1.8418729168446577,0.5939192003331945,0.565945167392238,3.5047027506654835
https,65536,static-keepalive,128,1,True,1.803241185160662,0.5103911980440098,0.584711855789513,3.270957431352608
https,65536,static-close,1,1,True,1.1851250738672297,0.7894736842105263,0.7894236043650273,3.6751942391510326
https,65536,static-close,32,1,True,1.2486620859842423,15.034235668789808,0.8016605166051661,3.578343048931284
https,65536,static-close,128,1,True,1.2486019219048268,45.6,0.8016439832906613,3.295122304240845
https,1024,proxy-keepalive,1,1,True,1.042436081355571,0.9794520547945206,1.0005149228605945,4.107287840711386
https,1024,proxy-keepalive,32,1,True,1.4189082394614925,0.6980507539536595,0.6680621732983808,3.9386359546517906
https,1024,proxy-keepalive,128,1,True,1.5303925787112704,0.4557987585756289,0.6140998090303253,3.4289089029971946
https,1024,proxy-close,1,1,True,1.1602258789250466,0.7581227436823105,0.8095230901448924,4.065595716198126
https,1024,proxy-close,32,1,True,1.325550788113829,4.502261306532663,0.7605423407091618,3.9249955460538035
https,1024,proxy-close,128,1,True,1.3158696513959098,18.94726368159204,0.7606583436713606,3.5589398154927516
https,1024,static-keepalive,1,1,True,1.3018676979878134,0.7647058823529411,0.5813250901307774,3.686703443028343
https,1024,static-keepalive,32,1,True,2.9340237008666263,0.46434494195688225,0.3092423830422219,3.498138627902854
https,1024,static-keepalive,128,1,True,2.9499114680467593,0.287030303030303,0.3060253770782017,3.0323756744932187
https,1024,static-close,1,1,True,1.1844567217348685,0.4230769230769231,0.7906950416440952,3.678890366711001
https,1024,static-close,32,1,True,1.2997172392464078,9.024786324786325,0.7709590005742928,3.5687975916415797
https,1024,static-close,128,1,True,1.3129671324341423,39.421875,0.7647957633306398,3.167419495847297
https,16,proxy-keepalive,1,1,True,1.0554302741495534,0.9657534246575342,0.9945146427271558,4.0863129565551715
https,16,proxy-keepalive,32,1,True,1.4358271722905185,0.6507546507546508,0.6533162426379404,3.9199785177228788
https,16,proxy-keepalive,128,1,True,1.5535734006422954,0.47447116378419346,0.6019996992905099,3.4239929432519847
https,16,proxy-close,1,1,True,1.1456925152054607,0.8098859315589354,0.8073244970390436,4.088580781821683
https,16,proxy-close,32,1,True,1.3131453538805276,4.555865214086648,0.7661716701279777,3.94907656446118
https,16,proxy-close,128,1,True,1.3261997761892315,18.122723871289597,0.7578060050654446,3.5722066833505077
https,16,static-keepalive,1,1,True,1.3349107069242307,0.7878787878787878,0.5605407765854551,3.732421498747833
https,16,static-keepalive,32,1,True,3.094157958831795,0.46596858638743455,0.28485779828147945,3.53847533632287
https,16,static-keepalive,128,1,True,3.1468961817846846,0.2760284408329101,0.280063736291206,3.0603740244441173
https,16,static-close,1,1,True,1.1822832948962751,0.5337837837837838,0.7872699759790902,3.7204301075268815
https,16,static-close,32,1,True,1.3164073662705866,8.860833333333334,0.7596545934276806,3.5908440629470673
https,16,static-close,128,1,True,1.3192459190237105,39.15143603133159,0.7586898176318656,3.1963866039952995
http,1048576,proxy-keepalive,1,1,True,0.8852563631344402,1.266897746967071,1.2398750257769058,5.953362788414335
http,1048576,proxy-keepalive,32,1,True,0.7869609285777277,1.3189577175945473,1.5001951919899639,6.155333876221499
http,1048576,proxy-keepalive,128,1,True,0.8593338719601646,1.3770665237262314,1.3683016972532078,5.661188856079086
http,1048576,proxy-close,1,1,True,0.690261430278299,1.450570342205323,1.2590530427326905,5.959734839184876
http,1048576,proxy-close,32,1,True,0.6491538343921576,1.6386802386802386,1.8206545683013637,6.964027040077258
http,1048576,proxy-close,128,1,True,0.671088121054237,1.7878900511513478,1.714286363770688,10.010232558139535
http,1048576,static-keepalive,1,1,True,0.9954026931342639,0.9810606060606061,0.9502465193545333,4.952753916119252
http,1048576,static-keepalive,32,1,True,0.8875607589632183,1.1124242424242423,0.915883264368025,5.017433046993431
http,1048576,static-keepalive,128,1,True,0.8812791814674907,1.134103504800562,0.9221500584147854,5.235725113693785
http,1048576,static-close,1,1,True,0.9860571999587926,0.9903846153846154,1.0129907290832094,4.88318804483188
http,1048576,static-close,32,1,True,1.1178300680164681,0.8876117496807152,0.9936049062434428,4.95491905354919
http,1048576,static-close,128,1,True,1.0972496311293674,0.9220140385784558,0.9914021084742318,5.134914751667902
http,65536,proxy-keepalive,1,1,True,0.888363741532581,1.1144578313253013,1.1263407272983117,5.974416294088425
http,65536,proxy-keepalive,32,1,True,1.379011239907399,0.7396608152335614,0.7395739573957395,6.060407569141193
http,65536,proxy-keepalive,128,1,True,1.351531579410157,0.76115820268547,0.767968634932213,6.286240220892775
http,65536,proxy-close,1,1,True,0.895773862777337,1.0809248554913296,1.1214873944081518,5.897253555664541
http,65536,proxy-close,32,1,True,1.283713108559647,0.8018487793315952,0.822939845767712,6.061081603090295
http,65536,proxy-close,128,1,True,1.1565914074673544,0.9245283018867925,0.9622467737094837,6.417643004824259
http,65536,static-keepalive,1,1,True,1.0558133815321118,0.9473684210526315,0.8767829442353424,4.81500125849484
http,65536,static-keepalive,32,1,True,1.3797902699433207,0.8158783783783784,0.7522425822951964,4.879436194311603
http,65536,static-keepalive,128,1,True,1.4232976364943888,0.7112107623318386,0.7260303742189933,5.096904102693179
http,65536,static-close,1,1,True,1.0398786075546305,1.0163934426229508,1.0485017084430541,4.738785625774473
http,65536,static-close,32,1,True,1.060523942714521,0.959825327510917,1.0830693098196338,4.833952912019827
http,65536,static-close,128,1,True,1.0497906011431692,0.9841062486392336,1.0801714656748003,5.039653035935564
http,1024,proxy-keepalive,1,1,True,1.003974093842111,1.0,1.0971285490096132,5.208654563541407
http,1024,proxy-keepalive,32,1,True,1.2684659548562103,0.9826338639652678,0.7735614142326334,5.252386780905753
http,1024,proxy-keepalive,128,1,True,1.346147536511945,0.9019066733567486,0.7146665182596014,5.205712969361898
http,1024,proxy-close,1,1,True,0.9977159310584739,1.0393700787401574,1.1722405011242343,5.23051948051948
http,1024,proxy-close,32,1,True,1.0273116291593885,1.8970650786899192,0.9048433476798163,5.313421828908554
http,1024,proxy-close,128,1,True,1.0423514702833887,1.7078818780539622,0.8857564760487715,5.381886087768441
http,1024,static-keepalive,1,1,True,1.5615823468279335,0.6551724137931034,0.5584318220843115,4.737847222222222
http,1024,static-keepalive,32,1,True,3.4874275434605866,0.38727272727272727,0.2985731074420139,4.801339285714286
http,1024,static-keepalive,128,1,True,3.657695672533084,0.28452497551420175,0.27972418348405426,5.015625
http,1024,static-close,1,1,True,1.0290029855954925,0.7083333333333334,0.9086426235939041,4.814012096774194
http,1024,static-close,32,1,True,1.3083307188369404,0.5653002859866539,0.734096159389948,4.910786290322581
http,1024,static-close,128,1,True,1.371907759404599,0.28804057661505605,0.6898458033361676,5.160786290322581
http,16,proxy-keepalive,1,1,True,0.9972028694945885,1.0076335877862594,1.099097592761071,5.24305381727159
http,16,proxy-keepalive,32,1,True,1.2684735209732403,0.9838788470933073,0.7664786971726009,5.286523774328653
http,16,proxy-keepalive,128,1,True,1.344576869911587,0.9070830159939071,0.7076972793336893,5.18906976744186
http,16,proxy-close,1,1,True,0.9912507202462578,1.0076923076923077,1.165302140928105,5.244061015253814
http,16,proxy-close,32,1,True,1.037811887699718,1.7661960132890366,0.898936568610575,5.3268520797440315
http,16,proxy-close,128,1,True,1.0560335677931274,1.667408585055644,0.8736338242675264,5.495660333098757
http,16,static-keepalive,1,1,True,1.5872930164947088,0.6551724137931034,0.5489020939150665,4.787484355444305
http,16,static-keepalive,32,1,True,2.9451501669178173,0.4340909090909091,0.32004782143898786,4.851564455569462
http,16,static-keepalive,128,1,True,3.0752026241417245,0.33911483253588515,0.30204995707598004,5.067834793491865
http,16,static-close,1,1,True,1.0704350499149702,0.723404255319149,0.922584881519075,4.830847029077118
http,16,static-close,32,1,True,1.3126482670228723,0.5677233429394812,0.717006259685891,4.932743362831858
http,16,static-close,128,1,True,1.39739042437994,0.2665595224428883,0.6768906343118227,5.178002528445006
