run,body_size,connection,concurrency,engine,rep,requests,seconds,rps,p50_us,p99_us,server_cpu_pct,server_rss_bytes,valid,errors,warmup_errors
cache-base-r1-1m,1048576,close,32,nginx,1,11540,5.002308,2306.935118749185,13680.0,16442.0,67.76871795978975,16510976,True,"{""connect"": 0, ""read"": 0, ""write"": 0, ""status"": 0, ""timeout"": 0}","{""connect"": 0, ""read"": 0, ""write"": 0, ""status"": 0, ""timeout"": 0}"
cache-base-r1-1m,1048576,close,128,nginx,1,11467,5.020829,2283.885788581925,54919.0,61065.0,67.7179007689766,17453056,True,"{""connect"": 0, ""read"": 0, ""write"": 0, ""status"": 0, ""timeout"": 0}","{""connect"": 0, ""read"": 0, ""write"": 0, ""status"": 0, ""timeout"": 0}"
cache-base-r1-1m,1048576,close,32,rut,1,10573,5.099674,2073.2697815585857,15167.0,18659.0,71.37711155654264,176566272,True,"{""connect"": 0, ""read"": 0, ""write"": 0, ""status"": 0, ""timeout"": 0}","{""connect"": 0, ""read"": 0, ""write"": 0, ""status"": 0, ""timeout"": 0}"
cache-base-r1-1m,1048576,close,128,rut,1,8906,5.022533,1773.2088569652005,71047.0,76143.0,73.26980230891465,228364288,True,"{""connect"": 0, ""read"": 0, ""write"": 0, ""status"": 0, ""timeout"": 0}","{""connect"": 0, ""read"": 0, ""write"": 0, ""status"": 0, ""timeout"": 0}"
cache-base-r1-1m,1048576,close,32,rut,2,10402,5.000509,2080.18823683749,15126.0,18471.0,71.59271186193247,176590848,True,"{""connect"": 0, ""read"": 0, ""write"": 0, ""status"": 0, ""timeout"": 0}","{""connect"": 0, ""read"": 0, ""write"": 0, ""status"": 0, ""timeout"": 0}"
cache-base-r1-1m,1048576,close,128,rut,2,9103,5.030681,1809.4965671645646,69924.0,74060.0,72.95234979121116,204369920,True,"{""connect"": 0, ""read"": 0, ""write"": 0, ""status"": 0, ""timeout"": 0}","{""connect"": 0, ""read"": 0, ""write"": 0, ""status"": 0, ""timeout"": 0}"
cache-base-r1-1m,1048576,close,32,nginx,2,11556,5.001512,2310.5013044055477,13761.0,15545.0,67.97944301643183,16302080,True,"{""connect"": 0, ""read"": 0, ""write"": 0, ""status"": 0, ""timeout"": 0}","{""connect"": 0, ""read"": 0, ""write"": 0, ""status"": 0, ""timeout"": 0}"
cache-base-r1-1m,1048576,close,128,nginx,2,11544,5.024692,2297.454251922307,55130.0,57681.0,67.46682184699084,17190912,True,"{""connect"": 0, ""read"": 0, ""write"": 0, ""status"": 0, ""timeout"": 0}","{""connect"": 0, ""read"": 0, ""write"": 0, ""status"": 0, ""timeout"": 0}"
cache-base-r1-1m,1048576,close,32,nginx,3,11734,5.002584,2345.587800224844,13577.0,14360.0,67.56508236543355,16969728,True,"{""connect"": 0, ""read"": 0, ""write"": 0, ""status"": 0, ""timeout"": 0}","{""connect"": 0, ""read"": 0, ""write"": 0, ""status"": 0, ""timeout"": 0}"
cache-base-r1-1m,1048576,close,128,nginx,3,11607,5.029081,2307.9763479649664,54794.0,57405.0,67.60678541467121,18108416,True,"{""connect"": 0, ""read"": 0, ""write"": 0, ""status"": 0, ""timeout"": 0}","{""connect"": 0, ""read"": 0, ""write"": 0, ""status"": 0, ""timeout"": 0}"
cache-base-r1-1m,1048576,close,32,rut,3,10537,5.000533,2107.1753751050137,15051.0,16256.0,71.3923895712717,176263168,True,"{""connect"": 0, ""read"": 0, ""write"": 0, ""status"": 0, ""timeout"": 0}","{""connect"": 0, ""read"": 0, ""write"": 0, ""status"": 0, ""timeout"": 0}"
cache-base-r1-1m,1048576,close,128,rut,3,8856,5.023014,1763.0848729468005,72369.0,76507.0,73.86003702159702,220209152,True,"{""connect"": 0, ""read"": 0, ""write"": 0, ""status"": 0, ""timeout"": 0}","{""connect"": 0, ""read"": 0, ""write"": 0, ""status"": 0, ""timeout"": 0}"
cache-base-r1-64k,65536,close,1,nginx,1,31081,5.099681,6094.694942683669,127.0,173.0,52.356216006452165,16543744,True,"{""connect"": 0, ""read"": 0, ""write"": 0, ""status"": 0, ""timeout"": 0}","{""connect"": 0, ""read"": 0, ""write"": 0, ""status"": 0, ""timeout"": 0}"
cache-base-r1-64k,65536,close,1,rut,1,29748,5.099247,5833.802520254461,128.0,179.0,51.18402775939271,158453760,True,"{""connect"": 0, ""read"": 0, ""write"": 0, ""status"": 0, ""timeout"": 0}","{""connect"": 0, ""read"": 0, ""write"": 0, ""status"": 0, ""timeout"": 0}"
cache-base-r1-64k,65536,close,1,rut,2,29788,5.099298,5841.588391186395,128.0,176.0,51.37962127335959,158392320,True,"{""connect"": 0, ""read"": 0, ""write"": 0, ""status"": 0, ""timeout"": 0}","{""connect"": 0, ""read"": 0, ""write"": 0, ""status"": 0, ""timeout"": 0}"
cache-base-r1-64k,65536,close,1,nginx,2,31147,5.100109,6107.124377145665,127.0,169.0,52.15574804381631,16240640,True,"{""connect"": 0, ""read"": 0, ""write"": 0, ""status"": 0, ""timeout"": 0}","{""connect"": 0, ""read"": 0, ""write"": 0, ""status"": 0, ""timeout"": 0}"
cache-base-r1-64k,65536,close,1,nginx,3,31023,5.099202,6083.8931268069,128.0,173.0,52.16502503725093,16605184,True,"{""connect"": 0, ""read"": 0, ""write"": 0, ""status"": 0, ""timeout"": 0}","{""connect"": 0, ""read"": 0, ""write"": 0, ""status"": 0, ""timeout"": 0}"
cache-base-r1-64k,65536,close,1,rut,3,29735,5.099974,5830.4218805821365,128.0,178.0,51.176731489219364,158482432,True,"{""connect"": 0, ""read"": 0, ""write"": 0, ""status"": 0, ""timeout"": 0}","{""connect"": 0, ""read"": 0, ""write"": 0, ""status"": 0, ""timeout"": 0}"
cache-base-r1-64k,65536,keepalive,1,nginx,1,40179,5.000173,8035.521970939805,122.0,164.0,58.39797942991172,16015360,True,"{""connect"": 0, ""read"": 0, ""write"": 0, ""status"": 0, ""timeout"": 0}","{""connect"": 0, ""read"": 0, ""write"": 0, ""status"": 0, ""timeout"": 0}"
cache-base-r1-64k,65536,keepalive,1,rut,1,38878,5.000169,7775.337193602857,124.0,175.0,57.7980464260308,158355456,True,"{""connect"": 0, ""read"": 0, ""write"": 0, ""status"": 0, ""timeout"": 0}","{""connect"": 0, ""read"": 0, ""write"": 0, ""status"": 0, ""timeout"": 0}"
cache-base-r1-64k,65536,keepalive,1,rut,2,39474,5.099226,7741.17483712234,124.0,177.0,57.85191713409055,158289920,True,"{""connect"": 0, ""read"": 0, ""write"": 0, ""status"": 0, ""timeout"": 0}","{""connect"": 0, ""read"": 0, ""write"": 0, ""status"": 0, ""timeout"": 0}"
cache-base-r1-64k,65536,keepalive,1,nginx,2,40968,5.100122,8032.749020513627,122.0,165.0,58.429974812367234,16236544,True,"{""connect"": 0, ""read"": 0, ""write"": 0, ""status"": 0, ""timeout"": 0}","{""connect"": 0, ""read"": 0, ""write"": 0, ""status"": 0, ""timeout"": 0}"
cache-base-r1-64k,65536,keepalive,1,nginx,3,40777,5.099944,7995.57799066029,122.0,168.0,59.020255908692334,16060416,True,"{""connect"": 0, ""read"": 0, ""write"": 0, ""status"": 0, ""timeout"": 0}","{""connect"": 0, ""read"": 0, ""write"": 0, ""status"": 0, ""timeout"": 0}"
cache-base-r1-64k,65536,keepalive,1,rut,3,39025,5.099979,7651.992292517282,125.0,192.0,57.84337543350669,158285824,True,"{""connect"": 0, ""read"": 0, ""write"": 0, ""status"": 0, ""timeout"": 0}","{""connect"": 0, ""read"": 0, ""write"": 0, ""status"": 0, ""timeout"": 0}"
cache256-final-r1-1m,1048576,close,32,nginx,1,11706,5.002821,2339.879839794388,13621.0,14146.0,67.56188158640894,17203200,True,"{""connect"": 0, ""read"": 0, ""write"": 0, ""status"": 0, ""timeout"": 0}","{""connect"": 0, ""read"": 0, ""write"": 0, ""status"": 0, ""timeout"": 0}"
cache256-final-r1-1m,1048576,close,128,nginx,1,11579,5.018169,2307.4153142311466,55080.0,56073.0,67.55452038382924,18169856,True,"{""connect"": 0, ""read"": 0, ""write"": 0, ""status"": 0, ""timeout"": 0}","{""connect"": 0, ""read"": 0, ""write"": 0, ""status"": 0, ""timeout"": 0}"
cache256-final-r1-1m,1048576,close,32,rut,1,10744,5.099703,2106.789356164467,15059.0,16101.0,71.37670566305529,177160192,True,"{""connect"": 0, ""read"": 0, ""write"": 0, ""status"": 0, ""timeout"": 0}","{""connect"": 0, ""read"": 0, ""write"": 0, ""status"": 0, ""timeout"": 0}"
cache256-final-r1-1m,1048576,close,128,rut,1,10173,5.024213,2024.7947290451261,62418.0,65924.0,70.85686852846405,234045440,True,"{""connect"": 0, ""read"": 0, ""write"": 0, ""status"": 0, ""timeout"": 0}","{""connect"": 0, ""read"": 0, ""write"": 0, ""status"": 0, ""timeout"": 0}"
cache256-final-r1-1m,1048576,close,32,rut,2,10761,5.099592,2110.1688135050804,15045.0,16163.0,71.37825928035025,176631808,True,"{""connect"": 0, ""read"": 0, ""write"": 0, ""status"": 0, ""timeout"": 0}","{""connect"": 0, ""read"": 0, ""write"": 0, ""status"": 0, ""timeout"": 0}"
cache256-final-r1-1m,1048576,close,128,rut,2,10212,5.016466,2035.6960457820305,62298.0,65748.0,70.96629380125368,230633472,True,"{""connect"": 0, ""read"": 0, ""write"": 0, ""status"": 0, ""timeout"": 0}","{""connect"": 0, ""read"": 0, ""write"": 0, ""status"": 0, ""timeout"": 0}"
cache256-final-r1-1m,1048576,close,32,nginx,2,11770,5.000838,2353.6055357122145,13540.0,14062.0,67.78863862416661,17240064,True,"{""connect"": 0, ""read"": 0, ""write"": 0, ""status"": 0, ""timeout"": 0}","{""connect"": 0, ""read"": 0, ""write"": 0, ""status"": 0, ""timeout"": 0}"
cache256-final-r1-1m,1048576,close,128,nginx,2,11682,5.031198,2321.9121966577345,54554.0,59121.0,67.18081856448505,17420288,True,"{""connect"": 0, ""read"": 0, ""write"": 0, ""status"": 0, ""timeout"": 0}","{""connect"": 0, ""read"": 0, ""write"": 0, ""status"": 0, ""timeout"": 0}"
cache256-final-r1-1m,1048576,close,32,nginx,3,11818,5.00122,2363.0234222849626,13481.0,14093.0,67.78346083555611,16502784,True,"{""connect"": 0, ""read"": 0, ""write"": 0, ""status"": 0, ""timeout"": 0}","{""connect"": 0, ""read"": 0, ""write"": 0, ""status"": 0, ""timeout"": 0}"
cache256-final-r1-1m,1048576,close,128,nginx,3,11731,5.028157,2333.061596923087,54368.0,55252.0,67.42032915837753,16912384,True,"{""connect"": 0, ""read"": 0, ""write"": 0, ""status"": 0, ""timeout"": 0}","{""connect"": 0, ""read"": 0, ""write"": 0, ""status"": 0, ""timeout"": 0}"
cache256-final-r1-1m,1048576,close,32,rut,3,10813,5.099854,2120.256775978293,14957.0,16059.0,71.37459229224993,177045504,True,"{""connect"": 0, ""read"": 0, ""write"": 0, ""status"": 0, ""timeout"": 0}","{""connect"": 0, ""read"": 0, ""write"": 0, ""status"": 0, ""timeout"": 0}"
cache256-final-r1-1m,1048576,close,128,rut,3,10267,5.029771,2041.246012989458,61929.0,65544.0,70.77857023709429,233537536,True,"{""connect"": 0, ""read"": 0, ""write"": 0, ""status"": 0, ""timeout"": 0}","{""connect"": 0, ""read"": 0, ""write"": 0, ""status"": 0, ""timeout"": 0}"
cache256-final-r1-64k,65536,close,1,nginx,1,31204,5.099697,6118.794900951959,127.0,170.0,52.15996166046728,16703488,True,"{""connect"": 0, ""read"": 0, ""write"": 0, ""status"": 0, ""timeout"": 0}","{""connect"": 0, ""read"": 0, ""write"": 0, ""status"": 0, ""timeout"": 0}"
cache256-final-r1-64k,65536,close,1,rut,1,29640,5.099201,5812.675358355162,129.0,176.0,50.98838033644878,158326784,True,"{""connect"": 0, ""read"": 0, ""write"": 0, ""status"": 0, ""timeout"": 0}","{""connect"": 0, ""read"": 0, ""write"": 0, ""status"": 0, ""timeout"": 0}"
cache256-final-r1-64k,65536,close,1,rut,2,29703,5.099163,5825.073644439293,128.0,176.0,51.18487092881714,158396416,True,"{""connect"": 0, ""read"": 0, ""write"": 0, ""status"": 0, ""timeout"": 0}","{""connect"": 0, ""read"": 0, ""write"": 0, ""status"": 0, ""timeout"": 0}"
cache256-final-r1-64k,65536,close,1,nginx,2,31194,5.100058,6116.401029164766,128.0,160.0,51.96019339387905,16207872,True,"{""connect"": 0, ""read"": 0, ""write"": 0, ""status"": 0, ""timeout"": 0}","{""connect"": 0, ""read"": 0, ""write"": 0, ""status"": 0, ""timeout"": 0}"
cache256-final-r1-64k,65536,close,1,nginx,3,31235,5.099685,6124.8881058339875,127.0,168.0,51.963993854522386,16486400,True,"{""connect"": 0, ""read"": 0, ""write"": 0, ""status"": 0, ""timeout"": 0}","{""connect"": 0, ""read"": 0, ""write"": 0, ""status"": 0, ""timeout"": 0}"
cache256-final-r1-64k,65536,close,1,rut,3,29636,5.099312,5811.764410571465,129.0,175.0,50.987270439620076,158277632,True,"{""connect"": 0, ""read"": 0, ""write"": 0, ""status"": 0, ""timeout"": 0}","{""connect"": 0, ""read"": 0, ""write"": 0, ""status"": 0, ""timeout"": 0}"
cache256-final-r1-64k,65536,keepalive,1,nginx,1,40842,5.099863,8008.450423079992,122.0,168.0,58.432942218251746,16183296,True,"{""connect"": 0, ""read"": 0, ""write"": 0, ""status"": 0, ""timeout"": 0}","{""connect"": 0, ""read"": 0, ""write"": 0, ""status"": 0, ""timeout"": 0}"
cache256-final-r1-64k,65536,keepalive,1,rut,1,39164,5.100141,7679.003384416235,126.0,176.0,57.645465095964994,158482432,True,"{""connect"": 0, ""read"": 0, ""write"": 0, ""status"": 0, ""timeout"": 0}","{""connect"": 0, ""read"": 0, ""write"": 0, ""status"": 0, ""timeout"": 0}"
cache256-final-r1-64k,65536,keepalive,1,rut,2,39051,5.100128,7656.866651189931,127.0,176.0,57.44953852138613,158359552,True,"{""connect"": 0, ""read"": 0, ""write"": 0, ""status"": 0, ""timeout"": 0}","{""connect"": 0, ""read"": 0, ""write"": 0, ""status"": 0, ""timeout"": 0}"
cache256-final-r1-64k,65536,keepalive,1,nginx,2,41010,5.100044,8041.107096330934,123.0,155.0,58.43086843956641,16326656,True,"{""connect"": 0, ""read"": 0, ""write"": 0, ""status"": 0, ""timeout"": 0}","{""connect"": 0, ""read"": 0, ""write"": 0, ""status"": 0, ""timeout"": 0}"
cache256-final-r1-64k,65536,keepalive,1,nginx,3,40836,5.099974,8007.099644037402,122.0,168.0,58.62774986696011,16502784,True,"{""connect"": 0, ""read"": 0, ""write"": 0, ""status"": 0, ""timeout"": 0}","{""connect"": 0, ""read"": 0, ""write"": 0, ""status"": 0, ""timeout"": 0}"
cache256-final-r1-64k,65536,keepalive,1,rut,3,38963,5.100105,7639.646634726148,128.0,173.0,57.449797602206225,158302208,True,"{""connect"": 0, ""read"": 0, ""write"": 0, ""status"": 0, ""timeout"": 0}","{""connect"": 0, ""read"": 0, ""write"": 0, ""status"": 0, ""timeout"": 0}"
