experiment,size,concurrency,engine,rep,requests,duration,rps,user_us_per_request,system_us_per_request,minor_faults,major_faults,voluntary,involuntary,wait_ns,rss_bytes
cpu-split,64k,1,nginx,0,37360,6.09939,6125.202684202847,10.974304068522486,74.14346895074947,0,0,110745,636,6746273,16244736
cpu-split,64k,1,rut,1,35074,6.09962,5750.194274397421,16.251354279523294,72.13320408279638,0,0,103917,589,4936773,158461952
cpu-split,64k,1,rut,2,35121,6.099738,5757.788285332911,15.944876284843826,72.03667321545514,0,0,104055,597,4991692,158375936
cpu-split,64k,1,nginx,3,37161,6.099599,6092.3677113856165,11.571270956109897,74.00231425419122,0,0,109712,635,4228377,16408576
cpu-split,1m,32,nginx,0,13930,6.001549,2321.067444421432,25.125628140703522,267.0495333811917,906,0,18,171,1605383,17166336
cpu-split,1m,32,rut,1,12551,6.000152,2091.7803415646804,24.699227153214885,317.10620667675875,84,0,60,181,13537723,177623040
cpu-split,1m,32,rut,2,12793,6.100098,2097.1794223633783,25.013679355897754,315.7977018682092,152,0,61,188,12734917,176054272
cpu-split,1m,32,nginx,3,14217,6.100075,2330.627082453904,23.915031300555675,266.5822606738412,876,0,21,202,1619823,16728064
cpu-split,1m,128,nginx,0,14021,6.016497,2330.4258275205652,22.822908494401254,266.7427430283147,3700,0,62,145,1289933,17833984
cpu-split,1m,128,rut,1,11114,6.029946,1843.1342502901352,26.99298182472557,368.004318877092,476389,0,116,194,29302187,220467200
cpu-split,1m,128,rut,2,10654,6.020465,1769.6307511130785,29.097052750140797,387.6478318002628,654730,0,66,187,27499445,236650496
cpu-split,1m,128,nginx,3,13879,6.022601,2304.4860517905804,25.217955184091075,268.0308379566251,3600,0,62,92,1089959,17899520
cache-control,1m,32,cache256,0,12396,6.00068,2065.7658798669486,24.201355275895448,322.6847370119393,268,0,60,195,15261071,176619520
cache-control,1m,32,rut,1,12687,6.099878,2079.877663127033,24.434460471348626,319.22440293213526,0,0,61,188,13447249,175890432
cache-control,1m,32,rut,2,12507,6.100034,2050.316440859182,23.986567522187574,324.6182138002719,60,0,61,197,15721891,176275456
cache-control,1m,32,cache256,3,12547,6.000229,2091.0868568516303,23.91009803140193,318.0043038176457,148,0,60,188,13159199,176861184
cache-control,1m,128,cache256,0,12317,6.024885,2044.354373568956,28.41601039214094,319.07120240318255,1044,0,102,287,34298051,234733568
cache-control,1m,128,rut,1,11280,6.024831,1872.2516863958508,27.482269503546103,359.92907801418437,387906,0,62,249,34969595,207716352
cache-control,1m,128,rut,2,10654,6.017602,1770.472689951911,29.097052750140794,386.70921719541957,622733,0,63,277,35011842,233648128
cache-control,1m,128,cache256,3,12103,6.020922,2010.1572483416992,25.6134842601008,326.3653639593489,840,0,84,233,29146289,232525824
nginx-geometry,1m,32,nginx-large,0,16699,6.099865,2737.6015698708084,16.168632852266605,235.3434337385472,251543,0,18,247,2017988,16375808
nginx-geometry,1m,32,nginx,1,13789,6.001252,2297.687215934275,24.657335557328306,269.7802596272391,1717,0,24,153,1789786,16949248
nginx-geometry,1m,32,nginx,2,13801,6.002068,2299.3741490432963,23.911310774581555,270.27027027027026,892,0,21,169,1553521,16666624
nginx-geometry,1m,32,nginx-large,3,17069,6.100067,2798.165987357188,14.646435057706954,230.8278165094616,227716,0,18,392,2286227,19456000
nginx-geometry,1m,128,nginx-large,0,17308,6.024407,2872.9798634122826,13.288652646175178,222.44048994684536,130827,0,31,371,2238246,18128896
nginx-geometry,1m,128,nginx,1,14031,6.031773,2326.181704782325,24.944765162853678,264.41451072624903,3655,0,52,215,1767617,17727488
nginx-geometry,1m,128,nginx,2,13872,6.031638,2299.8727708791544,24.50980392156863,269.6078431372549,3711,0,46,107,1154536,17870848
nginx-geometry,1m,128,nginx-large,3,17530,6.033673,2905.3612948530686,14.831717056474616,216.77124928693667,8091,0,38,658,4197432,26357760
