run,transport,body_size,connection,concurrency,engine,rep,rps,p50_us,p99_us,server_cpu_pct,server_rss_bytes,valid,errors,warmup_errors
baseline-r4-64k,http,65536,close,1,nginx,1,6144.81280075544,127.0,166.0,52.54825714293557,16220160,True,"{""connect"": 0, ""read"": 0, ""status"": 0, ""timeout"": 0, ""write"": 0}","{""connect"": 0, ""read"": 0, ""status"": 0, ""timeout"": 0, ""write"": 0}"
baseline-r4-64k,http,65536,close,1,rut,1,5822.379914039249,127.0,179.0,51.99803447429687,158531584,True,"{""connect"": 0, ""read"": 0, ""status"": 0, ""timeout"": 0, ""write"": 0}","{""connect"": 0, ""read"": 0, ""status"": 0, ""timeout"": 0, ""write"": 0}"
baseline-r4-64k,http,65536,close,1,rut,2,5802.33732981484,128.0,177.0,51.7733144648365,158486528,True,"{""connect"": 0, ""read"": 0, ""status"": 0, ""timeout"": 0, ""write"": 0}","{""connect"": 0, ""read"": 0, ""status"": 0, ""timeout"": 0, ""write"": 0}"
baseline-r4-64k,http,65536,close,1,nginx,2,6083.379958851877,127.0,174.0,52.36178107715832,16486400,True,"{""connect"": 0, ""read"": 0, ""status"": 0, ""timeout"": 0, ""write"": 0}","{""connect"": 0, ""read"": 0, ""status"": 0, ""timeout"": 0, ""write"": 0}"
baseline-r4-64k,http,65536,close,1,nginx,3,6067.269609060058,128.0,174.0,52.552543719598454,16474112,True,"{""connect"": 0, ""read"": 0, ""status"": 0, ""timeout"": 0, ""write"": 0}","{""connect"": 0, ""read"": 0, ""status"": 0, ""timeout"": 0, ""write"": 0}"
baseline-r4-64k,http,65536,close,1,rut,3,5821.263063474006,127.0,178.0,52.16466698841414,158355456,True,"{""connect"": 0, ""read"": 0, ""status"": 0, ""timeout"": 0, ""write"": 0}","{""connect"": 0, ""read"": 0, ""status"": 0, ""timeout"": 0, ""write"": 0}"
baseline-r4-64k,http,65536,keepalive,1,nginx,1,8075.215469149586,121.0,167.0,58.62972719333025,16601088,True,"{""connect"": 0, ""read"": 0, ""status"": 0, ""timeout"": 0, ""write"": 0}","{""connect"": 0, ""read"": 0, ""status"": 0, ""timeout"": 0, ""write"": 0}"
baseline-r4-64k,http,65536,keepalive,1,rut,1,7670.138928376613,126.0,177.0,58.43093718125238,158359552,True,"{""connect"": 0, ""read"": 0, ""status"": 0, ""timeout"": 0, ""write"": 0}","{""connect"": 0, ""read"": 0, ""status"": 0, ""timeout"": 0, ""write"": 0}"
baseline-r4-64k,http,65536,keepalive,1,rut,2,7752.167434976951,124.0,175.0,58.39824805255843,158470144,True,"{""connect"": 0, ""read"": 0, ""status"": 0, ""timeout"": 0, ""write"": 0}","{""connect"": 0, ""read"": 0, ""status"": 0, ""timeout"": 0, ""write"": 0}"
baseline-r4-64k,http,65536,keepalive,1,nginx,2,8084.455291956311,121.0,167.0,58.82598626177917,16859136,True,"{""connect"": 0, ""read"": 0, ""status"": 0, ""timeout"": 0, ""write"": 0}","{""connect"": 0, ""read"": 0, ""status"": 0, ""timeout"": 0, ""write"": 0}"
baseline-r4-64k,http,65536,keepalive,1,nginx,3,7988.920921172935,122.0,170.0,59.01887878639931,16539648,True,"{""connect"": 0, ""read"": 0, ""status"": 0, ""timeout"": 0, ""write"": 0}","{""connect"": 0, ""read"": 0, ""status"": 0, ""timeout"": 0, ""write"": 0}"
baseline-r4-64k,http,65536,keepalive,1,rut,3,7697.655423432822,125.0,178.0,58.440367782099806,158285824,True,"{""connect"": 0, ""read"": 0, ""status"": 0, ""timeout"": 0, ""write"": 0}","{""connect"": 0, ""read"": 0, ""status"": 0, ""timeout"": 0, ""write"": 0}"
baseline-r4-1m,http,1048576,close,32,nginx,1,2328.8233833302875,13677.0,14415.0,67.78321687550162,17018880,True,"{""connect"": 0, ""read"": 0, ""status"": 0, ""timeout"": 0, ""write"": 0}","{""connect"": 0, ""read"": 0, ""status"": 0, ""timeout"": 0, ""write"": 0}"
baseline-r4-1m,http,1048576,close,128,nginx,1,2290.635935262351,55475.0,56916.0,67.51222240079439,17182720,True,"{""connect"": 0, ""read"": 0, ""status"": 0, ""timeout"": 0, ""write"": 0}","{""connect"": 0, ""read"": 0, ""status"": 0, ""timeout"": 0, ""write"": 0}"
baseline-r4-1m,http,1048576,close,32,rut,1,2039.5806487286052,15557.0,16808.0,71.56767321533754,176758784,True,"{""connect"": 0, ""read"": 0, ""status"": 0, ""timeout"": 0, ""write"": 0}","{""connect"": 0, ""read"": 0, ""status"": 0, ""timeout"": 0, ""write"": 0}"
baseline-r4-1m,http,1048576,close,128,rut,1,1713.0882366681997,73514.0,79142.0,74.15363958190072,235577344,True,"{""connect"": 0, ""read"": 0, ""status"": 0, ""timeout"": 0, ""write"": 0}","{""connect"": 0, ""read"": 0, ""status"": 0, ""timeout"": 0, ""write"": 0}"
baseline-r4-1m,http,1048576,close,32,rut,2,2054.2229259837804,15438.0,16807.0,71.79381137345962,176443392,True,"{""connect"": 0, ""read"": 0, ""status"": 0, ""timeout"": 0, ""write"": 0}","{""connect"": 0, ""read"": 0, ""status"": 0, ""timeout"": 0, ""write"": 0}"
baseline-r4-1m,http,1048576,close,128,rut,2,1762.649871556453,71736.0,78717.0,73.7093639778354,208695296,True,"{""connect"": 0, ""read"": 0, ""status"": 0, ""timeout"": 0, ""write"": 0}","{""connect"": 0, ""read"": 0, ""status"": 0, ""timeout"": 0, ""write"": 0}"
baseline-r4-1m,http,1048576,close,32,nginx,2,2351.9588577802206,13529.0,14262.0,67.6526434829228,16822272,True,"{""connect"": 0, ""read"": 0, ""status"": 0, ""timeout"": 0, ""write"": 0}","{""connect"": 0, ""read"": 0, ""status"": 0, ""timeout"": 0, ""write"": 0}"
baseline-r4-1m,http,1048576,close,128,nginx,2,2325.0948354693605,54419.0,61183.0,67.22111490793294,17436672,True,"{""connect"": 0, ""read"": 0, ""status"": 0, ""timeout"": 0, ""write"": 0}","{""connect"": 0, ""read"": 0, ""status"": 0, ""timeout"": 0, ""write"": 0}"
baseline-r4-1m,http,1048576,close,32,nginx,3,2331.0165000595107,13639.0,14427.0,67.64810670596663,16691200,True,"{""connect"": 0, ""read"": 0, ""status"": 0, ""timeout"": 0, ""write"": 0}","{""connect"": 0, ""read"": 0, ""status"": 0, ""timeout"": 0, ""write"": 0}"
baseline-r4-1m,http,1048576,close,128,nginx,3,2309.312703605729,54911.0,55847.0,67.20169555047237,18690048,True,"{""connect"": 0, ""read"": 0, ""status"": 0, ""timeout"": 0, ""write"": 0}","{""connect"": 0, ""read"": 0, ""status"": 0, ""timeout"": 0, ""write"": 0}"
baseline-r4-1m,http,1048576,close,32,rut,3,2065.7770066763715,15351.0,16486.0,71.76785803925506,176340992,True,"{""connect"": 0, ""read"": 0, ""status"": 0, ""timeout"": 0, ""write"": 0}","{""connect"": 0, ""read"": 0, ""status"": 0, ""timeout"": 0, ""write"": 0}"
baseline-r4-1m,http,1048576,close,128,rut,3,1770.5803808212838,71766.0,76232.0,73.54994489733802,225841152,True,"{""connect"": 0, ""read"": 0, ""status"": 0, ""timeout"": 0, ""write"": 0}","{""connect"": 0, ""read"": 0, ""status"": 0, ""timeout"": 0, ""write"": 0}"
baseline-r5-1m,http,1048576,close,32,nginx,1,2347.3633996843523,13566.0,14585.0,67.57591594355772,17088512,True,"{""connect"": 0, ""read"": 0, ""status"": 0, ""timeout"": 0, ""write"": 0}","{""connect"": 0, ""read"": 0, ""status"": 0, ""timeout"": 0, ""write"": 0}"
baseline-r5-1m,http,1048576,close,128,nginx,1,2325.889189583419,54435.0,58145.0,67.36811647887721,17297408,True,"{""connect"": 0, ""read"": 0, ""status"": 0, ""timeout"": 0, ""write"": 0}","{""connect"": 0, ""read"": 0, ""status"": 0, ""timeout"": 0, ""write"": 0}"
baseline-r5-1m,http,1048576,close,32,rut,1,2066.702732655531,15336.0,16519.0,71.76595826868352,176050176,True,"{""connect"": 0, ""read"": 0, ""status"": 0, ""timeout"": 0, ""write"": 0}","{""connect"": 0, ""read"": 0, ""status"": 0, ""timeout"": 0, ""write"": 0}"
baseline-r5-1m,http,1048576,close,128,rut,1,1690.5758701879668,74322.0,81697.0,74.41160120634336,233742336,True,"{""connect"": 0, ""read"": 0, ""status"": 0, ""timeout"": 0, ""write"": 0}","{""connect"": 0, ""read"": 0, ""status"": 0, ""timeout"": 0, ""write"": 0}"
baseline-r5-1m,http,1048576,close,32,rut,2,2067.6524751529705,15333.0,16457.0,71.57560256362237,176504832,True,"{""connect"": 0, ""read"": 0, ""status"": 0, ""timeout"": 0, ""write"": 0}","{""connect"": 0, ""read"": 0, ""status"": 0, ""timeout"": 0, ""write"": 0}"
baseline-r5-1m,http,1048576,close,128,rut,2,1785.1346319698819,70701.0,77436.0,73.19549243063138,205631488,True,"{""connect"": 0, ""read"": 0, ""status"": 0, ""timeout"": 0, ""write"": 0}","{""connect"": 0, ""read"": 0, ""status"": 0, ""timeout"": 0, ""write"": 0}"
baseline-r5-1m,http,1048576,close,32,nginx,2,2333.093971252235,13634.0,14402.0,67.45539805940233,16756736,True,"{""connect"": 0, ""read"": 0, ""status"": 0, ""timeout"": 0, ""write"": 0}","{""connect"": 0, ""read"": 0, ""status"": 0, ""timeout"": 0, ""write"": 0}"
baseline-r5-1m,http,1048576,close,128,nginx,2,2324.465170035592,54622.0,56203.0,67.45943777434003,24436736,True,"{""connect"": 0, ""read"": 0, ""status"": 0, ""timeout"": 0, ""write"": 0}","{""connect"": 0, ""read"": 0, ""status"": 0, ""timeout"": 0, ""write"": 0}"
baseline-r5-1m,http,1048576,close,32,nginx,3,2336.1304105506224,13646.0,14193.0,67.39222293747301,17108992,True,"{""connect"": 0, ""read"": 0, ""status"": 0, ""timeout"": 0, ""write"": 0}","{""connect"": 0, ""read"": 0, ""status"": 0, ""timeout"": 0, ""write"": 0}"
baseline-r5-1m,http,1048576,close,128,nginx,3,2337.619964667123,54455.0,55244.0,67.84071557033948,17518592,True,"{""connect"": 0, ""read"": 0, ""status"": 0, ""timeout"": 0, ""write"": 0}","{""connect"": 0, ""read"": 0, ""status"": 0, ""timeout"": 0, ""write"": 0}"
baseline-r5-1m,http,1048576,close,32,rut,3,2069.342687110013,15318.0,16426.0,71.76911053560738,177065984,True,"{""connect"": 0, ""read"": 0, ""status"": 0, ""timeout"": 0, ""write"": 0}","{""connect"": 0, ""read"": 0, ""status"": 0, ""timeout"": 0, ""write"": 0}"
baseline-r5-1m,http,1048576,close,128,rut,3,1765.4434532996847,71413.0,76881.0,73.19549243063138,230068224,True,"{""connect"": 0, ""read"": 0, ""status"": 0, ""timeout"": 0, ""write"": 0}","{""connect"": 0, ""read"": 0, ""status"": 0, ""timeout"": 0, ""write"": 0}"
no-bulk-zero-r1-64k,http,65536,close,1,nginx,1,6126.944437690542,127.0,169.0,52.15755817920709,16666624,True,"{""connect"": 0, ""read"": 0, ""status"": 0, ""timeout"": 0, ""write"": 0}","{""connect"": 0, ""read"": 0, ""status"": 0, ""timeout"": 0, ""write"": 0}"
no-bulk-zero-r1-64k,http,65536,close,1,rut,1,5824.938849222076,129.0,169.0,50.98758040594349,158453760,True,"{""connect"": 0, ""read"": 0, ""status"": 0, ""timeout"": 0, ""write"": 0}","{""connect"": 0, ""read"": 0, ""status"": 0, ""timeout"": 0, ""write"": 0}"
no-bulk-zero-r1-64k,http,65536,close,1,rut,2,5812.681057955018,128.0,176.0,51.18453968037314,158388224,True,"{""connect"": 0, ""read"": 0, ""status"": 0, ""timeout"": 0, ""write"": 0}","{""connect"": 0, ""read"": 0, ""status"": 0, ""timeout"": 0, ""write"": 0}"
no-bulk-zero-r1-64k,http,65536,close,1,nginx,2,6005.389416842036,128.0,208.0,52.360610465885884,16666624,True,"{""connect"": 0, ""read"": 0, ""status"": 0, ""timeout"": 0, ""write"": 0}","{""connect"": 0, ""read"": 0, ""status"": 0, ""timeout"": 0, ""write"": 0}"
no-bulk-zero-r1-64k,http,65536,close,1,nginx,3,6104.672366504655,128.0,168.0,52.156576395266846,16445440,True,"{""connect"": 0, ""read"": 0, ""status"": 0, ""timeout"": 0, ""write"": 0}","{""connect"": 0, ""read"": 0, ""status"": 0, ""timeout"": 0, ""write"": 0}"
no-bulk-zero-r1-64k,http,65536,close,1,rut,3,5799.051544280466,128.0,180.0,50.9986944334225,158355456,True,"{""connect"": 0, ""read"": 0, ""status"": 0, ""timeout"": 0, ""write"": 0}","{""connect"": 0, ""read"": 0, ""status"": 0, ""timeout"": 0, ""write"": 0}"
no-bulk-zero-r1-64k,http,65536,keepalive,1,nginx,1,8073.899418863586,122.0,157.0,58.637258349288615,16732160,True,"{""connect"": 0, ""read"": 0, ""status"": 0, ""timeout"": 0, ""write"": 0}","{""connect"": 0, ""read"": 0, ""status"": 0, ""timeout"": 0, ""write"": 0}"
no-bulk-zero-r1-64k,http,65536,keepalive,1,rut,1,7725.430125882897,125.0,174.0,57.851497363442526,158502912,True,"{""connect"": 0, ""read"": 0, ""status"": 0, ""timeout"": 0, ""write"": 0}","{""connect"": 0, ""read"": 0, ""status"": 0, ""timeout"": 0, ""write"": 0}"
no-bulk-zero-r1-64k,http,65536,keepalive,1,rut,2,7772.066950598022,124.0,172.0,57.646391933897235,158441472,True,"{""connect"": 0, ""read"": 0, ""status"": 0, ""timeout"": 0, ""write"": 0}","{""connect"": 0, ""read"": 0, ""status"": 0, ""timeout"": 0, ""write"": 0}"
no-bulk-zero-r1-64k,http,65536,keepalive,1,nginx,2,8069.557913262603,122.0,164.0,58.59824205273842,16338944,True,"{""connect"": 0, ""read"": 0, ""status"": 0, ""timeout"": 0, ""write"": 0}","{""connect"": 0, ""read"": 0, ""status"": 0, ""timeout"": 0, ""write"": 0}"
no-bulk-zero-r1-64k,http,65536,keepalive,1,nginx,3,8136.485931643038,120.0,165.0,58.79773040760626,16080896,True,"{""connect"": 0, ""read"": 0, ""status"": 0, ""timeout"": 0, ""write"": 0}","{""connect"": 0, ""read"": 0, ""status"": 0, ""timeout"": 0, ""write"": 0}"
no-bulk-zero-r1-64k,http,65536,keepalive,1,rut,3,7736.228135286428,125.0,174.0,58.047695202534484,158445568,True,"{""connect"": 0, ""read"": 0, ""status"": 0, ""timeout"": 0, ""write"": 0}","{""connect"": 0, ""read"": 0, ""status"": 0, ""timeout"": 0, ""write"": 0}"
no-bulk-zero-r1-1m,http,1048576,close,32,nginx,1,2341.70912999878,13584.0,14233.0,67.4550276938185,17317888,True,"{""connect"": 0, ""read"": 0, ""status"": 0, ""timeout"": 0, ""write"": 0}","{""connect"": 0, ""read"": 0, ""status"": 0, ""timeout"": 0, ""write"": 0}"
no-bulk-zero-r1-1m,http,1048576,close,128,nginx,1,2325.6735916914845,54604.0,56409.0,67.53497923448803,22999040,True,"{""connect"": 0, ""read"": 0, ""status"": 0, ""timeout"": 0, ""write"": 0}","{""connect"": 0, ""read"": 0, ""status"": 0, ""timeout"": 0, ""write"": 0}"
no-bulk-zero-r1-1m,http,1048576,close,32,rut,1,2106.6605390723134,15045.0,16358.0,71.3952736328855,177131520,True,"{""connect"": 0, ""read"": 0, ""status"": 0, ""timeout"": 0, ""write"": 0}","{""connect"": 0, ""read"": 0, ""status"": 0, ""timeout"": 0, ""write"": 0}"
no-bulk-zero-r1-1m,http,1048576,close,128,rut,1,1827.8115911313826,69258.0,72851.0,74.0278619380375,209756160,True,"{""connect"": 0, ""read"": 0, ""status"": 0, ""timeout"": 0, ""write"": 0}","{""connect"": 0, ""read"": 0, ""status"": 0, ""timeout"": 0, ""write"": 0}"
no-bulk-zero-r1-1m,http,1048576,close,32,rut,2,2111.825990244423,15022.0,16092.0,71.57070440475526,176447488,True,"{""connect"": 0, ""read"": 0, ""status"": 0, ""timeout"": 0, ""write"": 0}","{""connect"": 0, ""read"": 0, ""status"": 0, ""timeout"": 0, ""write"": 0}"
no-bulk-zero-r1-1m,http,1048576,close,128,rut,2,1835.1120902803416,69139.0,73867.0,73.12553063332089,209776640,True,"{""connect"": 0, ""read"": 0, ""status"": 0, ""timeout"": 0, ""write"": 0}","{""connect"": 0, ""read"": 0, ""status"": 0, ""timeout"": 0, ""write"": 0}"
no-bulk-zero-r1-1m,http,1048576,close,32,nginx,2,2349.4975002474257,13568.0,14079.0,67.57979364170113,17018880,True,"{""connect"": 0, ""read"": 0, ""status"": 0, ""timeout"": 0, ""write"": 0}","{""connect"": 0, ""read"": 0, ""status"": 0, ""timeout"": 0, ""write"": 0}"
no-bulk-zero-r1-1m,http,1048576,close,128,nginx,2,2324.1817432876164,54479.0,59805.0,67.29256717759246,17457152,True,"{""connect"": 0, ""read"": 0, ""status"": 0, ""timeout"": 0, ""write"": 0}","{""connect"": 0, ""read"": 0, ""status"": 0, ""timeout"": 0, ""write"": 0}"
no-bulk-zero-r1-1m,http,1048576,close,32,nginx,3,2335.2303689365926,13615.0,14490.0,67.65089237409728,16969728,True,"{""connect"": 0, ""read"": 0, ""status"": 0, ""timeout"": 0, ""write"": 0}","{""connect"": 0, ""read"": 0, ""status"": 0, ""timeout"": 0, ""write"": 0}"
no-bulk-zero-r1-1m,http,1048576,close,128,nginx,3,2315.569929693451,54894.0,56053.0,67.59478224111598,18014208,True,"{""connect"": 0, ""read"": 0, ""status"": 0, ""timeout"": 0, ""write"": 0}","{""connect"": 0, ""read"": 0, ""status"": 0, ""timeout"": 0, ""write"": 0}"
no-bulk-zero-r1-1m,http,1048576,close,32,rut,3,2106.441786063403,15069.0,16212.0,71.5743112933478,177668096,True,"{""connect"": 0, ""read"": 0, ""status"": 0, ""timeout"": 0, ""write"": 0}","{""connect"": 0, ""read"": 0, ""status"": 0, ""timeout"": 0, ""write"": 0}"
no-bulk-zero-r1-1m,http,1048576,close,128,rut,3,1914.7105901010657,66461.0,70137.0,73.04561190926104,206946304,True,"{""connect"": 0, ""read"": 0, ""status"": 0, ""timeout"": 0, ""write"": 0}","{""connect"": 0, ""read"": 0, ""status"": 0, ""timeout"": 0, ""write"": 0}"
no-bulk-zero-r2-1m,http,1048576,close,32,nginx,1,2324.123894081383,13711.0,14362.0,67.5919700739552,16429056,True,"{""connect"": 0, ""read"": 0, ""status"": 0, ""timeout"": 0, ""write"": 0}","{""connect"": 0, ""read"": 0, ""status"": 0, ""timeout"": 0, ""write"": 0}"
no-bulk-zero-r2-1m,http,1048576,close,128,nginx,1,2311.6013968466314,54974.0,56184.0,67.56620740912297,17211392,True,"{""connect"": 0, ""read"": 0, ""status"": 0, ""timeout"": 0, ""write"": 0}","{""connect"": 0, ""read"": 0, ""status"": 0, ""timeout"": 0, ""write"": 0}"
no-bulk-zero-r2-1m,http,1048576,close,32,rut,1,2099.1858830399296,15097.0,16757.0,71.39271794276983,176435200,True,"{""connect"": 0, ""read"": 0, ""status"": 0, ""timeout"": 0, ""write"": 0}","{""connect"": 0, ""read"": 0, ""status"": 0, ""timeout"": 0, ""write"": 0}"
no-bulk-zero-r2-1m,http,1048576,close,128,rut,1,1816.6932240051253,69532.0,73231.0,73.28909300963453,230531072,True,"{""connect"": 0, ""read"": 0, ""status"": 0, ""timeout"": 0, ""write"": 0}","{""connect"": 0, ""read"": 0, ""status"": 0, ""timeout"": 0, ""write"": 0}"
no-bulk-zero-r2-1m,http,1048576,close,32,rut,2,2124.7168596625984,14956.0,15995.0,71.57560256362238,176467968,True,"{""connect"": 0, ""read"": 0, ""status"": 0, ""timeout"": 0, ""write"": 0}","{""connect"": 0, ""read"": 0, ""status"": 0, ""timeout"": 0, ""write"": 0}"
no-bulk-zero-r2-1m,http,1048576,close,128,rut,2,1815.3300649023834,69635.0,73659.0,73.32251826188971,227831808,True,"{""connect"": 0, ""read"": 0, ""status"": 0, ""timeout"": 0, ""write"": 0}","{""connect"": 0, ""read"": 0, ""status"": 0, ""timeout"": 0, ""write"": 0}"
no-bulk-zero-r2-1m,http,1048576,close,32,nginx,2,2332.9491167266783,13637.0,14287.0,67.65297514253207,16896000,True,"{""connect"": 0, ""read"": 0, ""status"": 0, ""timeout"": 0, ""write"": 0}","{""connect"": 0, ""read"": 0, ""status"": 0, ""timeout"": 0, ""write"": 0}"
no-bulk-zero-r2-1m,http,1048576,close,128,nginx,2,2313.8939890591005,54729.0,58293.0,67.72275772630275,19038208,True,"{""connect"": 0, ""read"": 0, ""status"": 0, ""timeout"": 0, ""write"": 0}","{""connect"": 0, ""read"": 0, ""status"": 0, ""timeout"": 0, ""write"": 0}"
no-bulk-zero-r2-1m,http,1048576,close,32,nginx,3,2337.5922260212346,13634.0,14189.0,67.3824805550557,16998400,True,"{""connect"": 0, ""read"": 0, ""status"": 0, ""timeout"": 0, ""write"": 0}","{""connect"": 0, ""read"": 0, ""status"": 0, ""timeout"": 0, ""write"": 0}"
no-bulk-zero-r2-1m,http,1048576,close,128,nginx,3,2318.5391770021934,54743.0,55891.0,67.67713943859425,18010112,True,"{""connect"": 0, ""read"": 0, ""status"": 0, ""timeout"": 0, ""write"": 0}","{""connect"": 0, ""read"": 0, ""status"": 0, ""timeout"": 0, ""write"": 0}"
no-bulk-zero-r2-1m,http,1048576,close,32,rut,3,2111.2795507074757,15035.0,16129.0,71.3760338494958,176144384,True,"{""connect"": 0, ""read"": 0, ""status"": 0, ""timeout"": 0, ""write"": 0}","{""connect"": 0, ""read"": 0, ""status"": 0, ""timeout"": 0, ""write"": 0}"
no-bulk-zero-r2-1m,http,1048576,close,128,rut,3,1839.3973912733557,68736.0,73331.0,72.87502113076944,220684288,True,"{""connect"": 0, ""read"": 0, ""status"": 0, ""timeout"": 0, ""write"": 0}","{""connect"": 0, ""read"": 0, ""status"": 0, ""timeout"": 0, ""write"": 0}"
baseline-nozero-tls1m,https,1048576,keepalive,32,nginx,1,903.1848613660226,35110.0,39268.0,74.58223451173932,26857472,True,"{""connect"": 0, ""read"": 0, ""status"": 0, ""timeout"": 0, ""write"": 0}","{""connect"": 0, ""read"": 0, ""status"": 0, ""timeout"": 0, ""write"": 0}"
baseline-nozero-tls1m,https,1048576,keepalive,32,rut,1,1168.6443365743683,27184.0,27680.0,83.18891923595777,187461632,True,"{""connect"": 0, ""read"": 0, ""status"": 0, ""timeout"": 0, ""write"": 0}","{""connect"": 0, ""read"": 0, ""status"": 0, ""timeout"": 0, ""write"": 0}"
baseline-nozero-tls1m,https,1048576,keepalive,32,rut,2,1171.4060151638887,27067.0,27388.0,83.38619124672954,187404288,True,"{""connect"": 0, ""read"": 0, ""status"": 0, ""timeout"": 0, ""write"": 0}","{""connect"": 0, ""read"": 0, ""status"": 0, ""timeout"": 0, ""write"": 0}"
baseline-nozero-tls1m,https,1048576,keepalive,32,nginx,2,913.8832057263082,34744.0,35935.0,75.19039066807262,25440256,True,"{""connect"": 0, ""read"": 0, ""status"": 0, ""timeout"": 0, ""write"": 0}","{""connect"": 0, ""read"": 0, ""status"": 0, ""timeout"": 0, ""write"": 0}"
baseline-nozero-tls1m,https,1048576,keepalive,32,nginx,3,914.4417217334247,34768.0,35868.0,74.97062650853394,25837568,True,"{""connect"": 0, ""read"": 0, ""status"": 0, ""timeout"": 0, ""write"": 0}","{""connect"": 0, ""read"": 0, ""status"": 0, ""timeout"": 0, ""write"": 0}"
baseline-nozero-tls1m,https,1048576,keepalive,32,rut,3,1164.7214977710503,27207.0,30551.0,83.19439269793216,186621952,True,"{""connect"": 0, ""read"": 0, ""status"": 0, ""timeout"": 0, ""write"": 0}","{""connect"": 0, ""read"": 0, ""status"": 0, ""timeout"": 0, ""write"": 0}"
no-bulk-zero-r1-tls1m,https,1048576,keepalive,32,nginx,1,925.2610257939257,34302.0,35744.0,74.78876672723757,25739264,True,"{""connect"": 0, ""read"": 0, ""status"": 0, ""timeout"": 0, ""write"": 0}","{""connect"": 0, ""read"": 0, ""status"": 0, ""timeout"": 0, ""write"": 0}"
no-bulk-zero-r1-tls1m,https,1048576,keepalive,32,rut,1,1189.2560671453816,26693.0,28054.0,82.97600333983414,187113472,True,"{""connect"": 0, ""read"": 0, ""status"": 0, ""timeout"": 0, ""write"": 0}","{""connect"": 0, ""read"": 0, ""status"": 0, ""timeout"": 0, ""write"": 0}"
no-bulk-zero-r1-tls1m,https,1048576,keepalive,32,rut,2,1187.7681476575774,26710.0,28192.0,82.98380156193512,187490304,True,"{""connect"": 0, ""read"": 0, ""status"": 0, ""timeout"": 0, ""write"": 0}","{""connect"": 0, ""read"": 0, ""status"": 0, ""timeout"": 0, ""write"": 0}"
no-bulk-zero-r1-tls1m,https,1048576,keepalive,32,nginx,2,918.7140083688167,34479.0,36402.0,74.79299937525847,25903104,True,"{""connect"": 0, ""read"": 0, ""status"": 0, ""timeout"": 0, ""write"": 0}","{""connect"": 0, ""read"": 0, ""status"": 0, ""timeout"": 0, ""write"": 0}"
no-bulk-zero-r1-tls1m,https,1048576,keepalive,32,nginx,3,908.6940462742044,34948.0,36421.0,75.39120938498571,25956352,True,"{""connect"": 0, ""read"": 0, ""status"": 0, ""timeout"": 0, ""write"": 0}","{""connect"": 0, ""read"": 0, ""status"": 0, ""timeout"": 0, ""write"": 0}"
no-bulk-zero-r1-tls1m,https,1048576,keepalive,32,rut,3,1185.8904914053333,26770.0,28170.0,82.94174567864683,187297792,True,"{""connect"": 0, ""read"": 0, ""status"": 0, ""timeout"": 0, ""write"": 0}","{""connect"": 0, ""read"": 0, ""status"": 0, ""timeout"": 0, ""write"": 0}"
